Species,Code,MW,SVL,Weigh,Trail,Environment,Order,Class.inferior,Quantity,Length,Width,Obs,Volume,Ind.Volume
Ischnocnema juipoca,MRCM1470,4,16,"0,2",E_FA,eucalipto,Araneae,Araneae,1,4,2,,"67,021","67,021"
Boana latistriata,MRCM1471,10,40,"3,6",M_BVA,mata,Não identificado,Não identificado,1,,,,"0,000","0,000"
Ololygon obtriangulata,MRCM1475,4,22,"0,5",M_PA,mata,Vazio,Vazio,0,,,Matéria Vegetal,"0,000","0,000"
Physalaemus olfersii,MRCM1479,"4,45",23,1,M_BVB,mata,Hymenoptera,Formicidae,1,5,1,,"20,944","20,944"
Physalaemus olfersii,MRCM1479,"4,45",23,1,M_BVB,mata,Hymenoptera,Formicidae,3,3,1,,"37,699","12,566"
Physalaemus olfersii,MRCM1479,"4,45",23,1,M_BVB,mata,Hymenoptera,Formicidae,2,4,1,,"33,510","16,755"
Ischnocnema guentheri,MRCM1486,"9,5",33,"2,4",E_TA,eucalipto,Vazio,Vazio,0,,,,"0,000","0,000"
Bokermannohyla luctuosa,MRCM1488,20,58,"10,1",M_BVA,mata,Vazio,Vazio,0,,,,"0,000","0,000"
Boana prasina,MRCM1490,13,49,"5,6",M_BVA,mata,Vazio,Vazio,0,,,,"0,000","0,000"
Odontophrynus americanus,MRCM1494,"12,5",33,"5,1",M_BVA,mata,Vazio,Vazio,0,,,,"0,000","0,000"
Physalaemus cuvieri,MRCM1495,"5,5",25,"0,3",M_BVA,mata,Hymenoptera,Formicidae,2,2,1,,"16,755","8,378"
Physalaemus cuvieri,MRCM1495,"5,5",25,"0,3",M_BVA,mata,Não identificado,Não identificado,1,,,,"0,000","0,000"
Dendropsophus microps,MRCM1496,"3,6",13,"0,2",M_CB,mata,Vazio,Vazio,0,,,,"0,000","0,000"
Boana prasina,MRCM1498,13,42,"4,5",E_TB,eucalipto,Vazio,Vazio,0,,,,"0,000","0,000"
Ololygon obtriangulata,MRCM1499,7,29,1,M_BVB,mata,Hemiptera,Heteroptera,1,,,Incompleto,"0,000","0,000"
Chiasmocleis mantiqueira,MRCM1501,"2,7","19,9","2,5",E_FA,eucalipto,Hymenoptera,Formicidae,1,4,1,,"16,755","16,755"
Chiasmocleis mantiqueira,MRCM1501,"2,7","19,9","2,5",E_FA,eucalipto,Hymenoptera,Formicidae,2,5,1,,"41,888","20,944"
Chiasmocleis mantiqueira,MRCM1503,"2,5","16,8","0,5",E_FB,eucalipto,Arthropoda,Arthropoda,1,,,Incompleto,"0,000","0,000"
Scinax aff. dolloi,MRCM1504,4,23,"0,6",E_FB,eucalipto,Vazio,Vazio,0,,,,"0,000","0,000"
Ischnocnema guentheri,MRCM1505,"4,7","17,75","0,5",E_CAA,eucalipto,Opiliones,Opiliones,1,,,Incompleto,"0,000","0,000"
Dendropsophus microps,MRCM1506,3,18,"0,1",M_AA,mata,Coleoptera,Coleoptera,2,4,1,,"33,510","16,755"
Scinax aff. dolloi,MRCM1507,5,23,"0,3",M_AA,mata,Coleoptera,Coleoptera,1,3,1,,"12,566","12,566"
Proceratophrys boiei,MRCM1508,30,56,22,M_BVA,mata,Coleoptera,Coleoptera,2,12,5,,"2513,274","1256,637"
Proceratophrys boiei,MRCM1508,30,56,22,M_BVA,mata,Coleoptera,Coleoptera,2,15,7,,"6157,522","3078,761"
Rhinella icterica,MRCM1509,48,125,250,M_PA,mata,Coleoptera,Coleoptera,1,43,17,,"52054,096","52054,096"
Rhinella icterica,MRCM1509,48,125,250,M_PA,mata,Coleoptera,Coleoptera,2,16,10,,"13404,129","6702,064"
Rhinella icterica,MRCM1509,48,125,250,M_PA,mata,Coleoptera,Coleoptera,2,10,7,,"4105,014","2052,507"
Rhinella icterica,MRCM1509,48,125,250,M_PA,mata,Coleoptera,Coleoptera,1,,,Incompleto,"0,000","0,000"
Proceratophrys boiei,MRCM1510,24,53,20,M_BVA,mata,Vazio,Vazio,0,,,,"0,000","0,000"
Aplastodiscus albosignatus,MRCM1511,11,"36,5","2,5",M_AA,mata,Vazio,Vazio,0,,,,"0,000","0,000"
Proceratophrys boiei,MRCM1512,"28,8",59,31,M_BVA,mata,Araneae,Araneae,1,,,Incompleto,"0,000","0,000"
Chiasmocleis mantiqueira,MRCM1513,"1,5",14,3,M_AA,mata,Hymenoptera,Formicidae,1,4,1,,"16,755","16,755"
Chiasmocleis mantiqueira,MRCM1513,"1,5",14,3,M_AA,mata,Coleoptera,Coleoptera,1,3,1,,"12,566","12,566"
Ischnocnema guentheri,MRCM1515,5,21,"0,5",E_VLB,eucalipto,Vazio,Vazio,0,,,,"0,000","0,000"
Proceratophrys boiei,MRCM1516,21,"55,5",25,M_PA,mata,Coleoptera,Coleoptera,2,14,8,,"7506,312","3753,156"
Ischnocnema guentheri,MRCM1519,"5,55",19,5,E_VLB,eucalipto,Coleoptera,Coleoptera,2,3,1,,"25,133","12,566"
Ischnocnema guentheri,MRCM1520,12,42,"7,5",E_VLB,eucalipto,Vazio,Vazio,0,,,,"0,000","0,000"
Ischnocnema guentheri,MRCM1520,12,42,"7,5",E_VLB,eucalipto,Opiliones,Opiliones,1,4,4,,"268,083","268,083"
Ischnocnema guentheri,MRCM1520,12,42,"7,5",E_VLB,eucalipto,Coleoptera,Coleoptera,2,7,2,,"234,572","117,286"
Ischnocnema guentheri,MRCM1520,12,42,"7,5",E_VLB,eucalipto,Dermaptera,Dermaptera,1,12,2,,"201,062","201,062"
Ischnocnema juipoca,MRCM1521,4,17,"1,9",E_TB,eucalipto,Collembola,Collembola,1,1,"0,5",,"1,047","1,047"
Ischnocnema juipoca,MRCM1521,4,17,"1,9",E_TB,eucalipto,Coleoptera,Coleoptera,1,5,1,,"20,944","20,944"
Ischnocnema juipoca,MRCM1521,4,17,"1,9",E_TB,eucalipto,Lepidoptera,Lepidoptera larva,1,13,2,,"217,817","217,817"
Ischnocnema juipoca,MRCM1521,4,17,"1,9",E_TB,eucalipto,Coleoptera,Coleoptera,1,3,1,,"12,566","12,566"
Ischnocnema juipoca,MRCM1521,4,17,"1,9",E_TB,eucalipto,Araneae,Araneae,1,6,3,,"226,195","226,195"
Boana prasina,MRCM1523,12,43,"5,1",M_BVA,mata,Vazio,Vazio,0,,,Matéria Vegetal,"0,000","0,000"
Bokermannohyla luctuosa,MRCM1524,11,50,"12,5",M_BVA,mata,Vazio,Vazio,0,,,,"0,000","0,000"
Boana latistriata,MRCM1525,7,25,"1,5",M_BVA,mata,Arthropoda,Arthropoda,1,,,Incompleto,"0,000","0,000"
Proceratophrys boiei,MRCM1526,"27,4","60,6",26,M_FB,mata,Vazio,Vazio,0,,,,"0,000","0,000"
Scinax aff. duartei,MRCM1527,,,"1,5",M_BVA,mata,Vazio,Vazio,0,,,,"0,000","0,000"
Scinax aff. dolloi,MRCM1528,"3,6","21,65",1,M_AB,mata,Vazio,Vazio,0,,,,"0,000","0,000"
Ololygon obtriangulata,MRCM1529,3,19,"0,5",M_FB,mata,Coleoptera,Coleoptera,1,2,1,,"8,378","8,378"
Ololygon obtriangulata,MRCM1529,3,19,"0,5",M_FB,mata,Araneae,Araneae,1,,,Incompleto,"0,000","0,000"
Scinax aff. dolloi,MRCM1530,4,"20,55","0,5",M_FB,mata,Vazio,Vazio,0,,,,"0,000","0,000"
Ololygon obtriangulata,MRCM1531,7,29,"1,5",M_FB,mata,Arthropoda,Arthropoda,1,,,Incompleto,"0,000","0,000"
Dendropsophus microps,MRCM1534,8,33,"2,5",M_PA,mata,Não identificado,Não identificado,1,,,Incompleto,"0,000","0,000"
Ololygon obtriangulata,MRCM1535,7,25,"0,9",M_PA,mata,Arthropoda,Arthropoda,1,,,Incompleto,"0,000","0,000"
Bokermannohyla luctuosa,MRCM1536,17,54,15,M_PA,mata,Vazio,Vazio,0,,,,"0,000","0,000"
Bokermannohyla luctuosa,MRCM1537,19,"59,7","17,5",M_PA,mata,Vazio,Vazio,0,,,,"0,000","0,000"
Scinax aff. dolloi,MRCM1540,9,34,"3,5",M_FA,mata,Vazio,Vazio,0,,,,"0,000","0,000"
Ischnocnema juipoca,MRCM1543,4,"17,5","1,5",E_FA,eucalipto,Araneae,Araneae,1,,,Incompleto,"0,000","0,000"
Ischnocnema juipoca,MRCM1543,4,"17,5","1,5",E_FA,eucalipto,Vazio,Vazio,0,,,,"0,000","0,000"
Ischnocnema juipoca,MRCM1544,5,21,"1,9",E_CAA,eucalipto,Vazio,Vazio,0,,,,"0,000","0,000"
Ischnocnema juipoca,MRCM1544,5,21,"1,9",E_CAA,eucalipto,Vazio,Vazio,0,,,,"0,000","0,000"
Physalaemus olfersii,MRCM1545,"6,5",26,"2,1",M_BVB,mata,Insecta,Insecta,1,,,Incompleto,"0,000","0,000"
Dendropsophus microps,MRCM1546,"3,6",20,"1,5",M_BVB,mata,Vazio,Vazio,0,,,,"0,000","0,000"
Physalaemus olfersii,MRCM1547,6,22,2,M_BVB,mata,Hymenoptera,Formicidae,1,4,1,,"16,755","16,755"
Physalaemus olfersii,MRCM1547,6,22,2,M_BVB,mata,Araneae,Araneae,1,2,1,,"8,378","8,378"
Physalaemus olfersii,MRCM1548,4,23,"1,1",M_BVB,mata,Hymenoptera,Formicidae,1,2,"0,5",,"2,094","2,094"
Physalaemus olfersii,MRCM1548,4,23,"1,1",M_BVB,mata,Hymenoptera,Formicidae,4,4,1,,"67,021","16,755"
Physalaemus olfersii,MRCM1548,4,23,"1,1",M_BVB,mata,Coleoptera,Coleoptera,1,6,1,,"25,133","25,133"
Scinax aff. dolloi,MRCM1549,9,35,"2,8",E_BVB,eucalipto,Vazio,Vazio,0,,,,"0,000","0,000"
Ischnocnema juipoca,MRCM1550,4,12,"0,9",M_PB,mata,Vazio,Vazio,0,,,,"0,000","0,000"
Rhinella icterica,MRCM1551,52,135,290,M_PB,mata,Coleoptera,Coleoptera,27,13,10,,"147026,536","5445,427"
Rhinella icterica,MRCM1551,52,135,290,M_PB,mata,Coleoptera,Coleoptera,1,22,14,,"18062,063","18062,063"
Rhinella icterica,MRCM1551,52,135,290,M_PB,mata,Coleoptera,Coleoptera,1,27,18,,"36643,537","36643,537"
Ischnocnema guentheri,MRCM1556,6,"23,6","1,5",E_VLA,eucalipto,Chilopoda,Chilopoda,1,21,1,,"87,965","87,965"
Ischnocnema juipoca,MRCM1558,5,"20,3","0,9",E_TB,eucalipto,Hymenoptera,Vespa,1,2,1,,"8,378","8,378"
Ischnocnema juipoca,MRCM1558,5,"20,3","0,9",E_TB,eucalipto,Coleoptera,Coleoptera,1,4,2,,"67,021","67,021"
Ischnocnema juipoca,MRCM1559,"4,5",23,"1,2",E_TB,eucalipto,Araneae,Araneae,1,2,1,,"8,378","8,378"
Ischnocnema juipoca,MRCM1559,"4,5",23,"1,2",E_TB,eucalipto,Lepidoptera,Lepidoptera larva,1,6,1,,"25,133","25,133"
Ischnocnema guentheri,MRCM1560,"3,6",12,"0,9",E_TA,eucalipto,Blattodea,Blattodea,3,4,2,,"201,062","67,021"
Rhinella icterica,MRCM1562,42,"119,7",220,M_BVA,mata,Opiliones,Opiliones,1,3,2,,"50,265","50,265"
Rhinella icterica,MRCM1562,42,"119,7",220,M_BVA,mata,Dermaptera,Dermaptera,3,16,3,,"1809,557","603,186"
Rhinella icterica,MRCM1562,42,"119,7",220,M_BVA,mata,Dermaptera,Dermaptera,1,10,2,,"167,552","167,552"
Rhinella icterica,MRCM1562,42,"119,7",220,M_BVA,mata,Coleoptera,Coleoptera larva,1,19,3,,"716,283","716,283"
Rhinella icterica,MRCM1562,42,"119,7",220,M_BVA,mata,Diplopoda,Diplopoda,1,62,4,,"4155,280","4155,280"
Ischnocnema guentheri,MRCM1567,5,19,"0,9",E_FB,eucalipto,Vazio,Vazio,0,,,,"0,000","0,000"
Ischnocnema juipoca,MRCM1568,5,20,"0,9",E_FB,eucalipto,Hemiptera,Heteroptera,1,,,Incompleto,"0,000","0,000"
Ischnocnema juipoca,MRCM1568,5,20,"0,9",E_FB,eucalipto,Araneae,Araneae,1,3,1,,"12,566","12,566"
Hylodes aff. sazimai,MRCM1569,5,23,1,M_BVA,mata,Vazio,Vazio,0,,,,"0,000","0,000"
Hylodes aff. sazimai,MRCM1570,7,27,"1,9",M_BVA,mata,Vazio,Vazio,0,,,,"0,000","0,000"
Ischnocnema juipoca,MRCM1574,"5,5",24,"1,2",E_BVA,eucalipto,Vazio,Vazio,0,,,,"0,000","0,000"
Scinax aff. dolloi,MRCM1576,8,"29,5",2,E_BVA,eucalipto,Vazio,Vazio,0,,,,"0,000","0,000"
Dendropsophus microps,MRCM1585,4,21,"0,9",M_CB,mata,Araneae,Araneae,1,3,1,,"12,566","12,566"
Dendropsophus microps,MRCM1586,4,"21,65","0,9",M_CB,mata,Vazio,Vazio,0,,,,"0,000","0,000"
Chiasmocleis mantiqueira,MRCM1587,3,19,1,E_TB,eucalipto,Hymenoptera,Formicidae,1,3,"0,5",,"3,142","3,142"
Chiasmocleis mantiqueira,MRCM1587,3,19,1,E_TB,eucalipto,Hymenoptera,Formicidae,3,2,"0,5",,"6,283","2,094"
Physalaemus olfersii,MRCM1588,5,25,"1,2",E_TB,eucalipto,Hymenoptera,Vespa,1,,,Incompleto,"0,000","0,000"
Physalaemus olfersii,MRCM1588,5,25,"1,2",E_TB,eucalipto,Hymenoptera,Formicidae,4,5,1,,"83,776","20,944"
Physalaemus olfersii,MRCM1588,5,25,"1,2",E_TB,eucalipto,Hymenoptera,Formicidae,3,1,"0,5",,"3,142","1,047"
Physalaemus olfersii,MRCM1588,5,25,"1,2",E_TB,eucalipto,Hymenoptera,Formicidae,1,2,"0,5",,"2,094","2,094"
Ischnocnema guentheri,MRCM1589,12,40,6,E_CAA,eucalipto,Coleoptera,Coleoptera,1,10,4,,"670,206","670,206"
Ischnocnema guentheri,MRCM1589,12,40,6,E_CAA,eucalipto,Chilopoda,Chilopoda,1,25,2,,"418,879","418,879"
Ischnocnema guentheri,MRCM1589,12,40,6,E_CAA,eucalipto,Opiliones,Opiliones,1,4,4,,"268,083","268,083"
Ischnocnema guentheri,MRCM1589,12,40,6,E_CAA,eucalipto,Opiliones,Opiliones,1,3,4,,"201,062","201,062"
Ischnocnema guentheri,MRCM1589,12,40,6,E_CAA,eucalipto,Vazio,Vazio,0,,,,"0,000","0,000"
Bokermannohyla luctuosa,MRCM1593,4,16,"0,1",M_FA,mata,Acari,Acari,1,1,1,,"4,189","4,189"
Proceratophrys boiei,MRCM1594,11,24,"4,1",M_FA,mata,Coleoptera,Coleoptera,1,16,3,,"603,186","603,186"
Ololygon obtriangulata,MRCM1595,5,24,"0,9",M_AA,mata,Arthropoda,Arthropoda,1,,,Incompleto,"0,000","0,000"
Proceratophrys boiei,MRCM1596,"3,85",13,"0,5",M_FA,mata,Diplopoda,Diplopoda,1,10,1,,"41,888","41,888"
Proceratophrys boiei,MRCM1596,"3,85",13,"0,5",M_FA,mata,Acari,Acari,1,2,1,,"8,378","8,378"
Proceratophrys boiei,MRCM1596,"3,85",13,"0,5",M_FA,mata,Chilopoda,Chilopoda,1,8,1,,"33,510","33,510"
Proceratophrys itamari,MRCM1603,15,34,"4,3",M_FA,mata,Vazio,Vazio,0,,,,"0,000","0,000"
Bokermannohyla luctuosa,MRCM1604,19,58,"13,1",M_FA,mata,Orthoptera,Ensifera,1,12,4,,"804,248","804,248"
Ololygon obtriangulata,MRCM1605,3,23,"1,2",M_FB,mata,Arthropoda,Arthropoda,1,,,Incompleto,"0,000","0,000"
Trachycephalus imitatrix,MRCM1606,4,19,"0,5",M_AB,mata,Vazio,Vazio,0,,,,"0,000","0,000"
Rhinella icterica,MRCM1607,41,"100,55",110,M_CB,mata,Semente,Semente,1,5,3,,"188,496","188,496"
Rhinella icterica,MRCM1607,41,"100,55",110,M_CB,mata,Opiliones,Opiliones,1,,,Incompleto ,"0,000","0,000"
Rhinella icterica,MRCM1607,41,"100,55",110,M_CB,mata,Orthoptera,Orthoptera,1,,,Incompleto,"0,000","0,000"
Rhinella icterica,MRCM1607,41,"100,55",110,M_CB,mata,Coleoptera,Coleoptera,1,22,5,,"2303,835","2303,835"
Rhinella icterica,MRCM1607,41,"100,55",110,M_CB,mata,Coleoptera,Coleoptera,1,12,5,,"1256,637","1256,637"
Rhinella icterica,MRCM1607,41,"100,55",110,M_CB,mata,Coleoptera,Coleoptera,1,10,3,,"376,991","376,991"
Rhinella icterica,MRCM1607,41,"100,55",110,M_CB,mata,Coleoptera,Coleoptera,1,12,2,Fotografado,"201,062","201,062"
Rhinella icterica,MRCM1607,41,"100,55",110,M_CB,mata,Coleoptera,Coleoptera,1,10,5,,"1047,198","1047,198"
Rhinella icterica,MRCM1607,41,"100,55",110,M_CB,mata,Coleoptera,Coleoptera,1,11,4,,"737,227","737,227"
Rhinella icterica,MRCM1607,41,"100,55",110,M_CB,mata,Coleoptera,Coleoptera,1,7,4,,"469,145","469,145"
Physalaemus olfersii,MRCM1608,4,19,1,M_AA,mata,Coleoptera,Coleoptera,1,4,2,,"67,021","67,021"
Physalaemus olfersii,MRCM1608,4,19,1,M_AA,mata,Araneae,Araneae,1,2,1,,"8,378","8,378"
Physalaemus olfersii,MRCM1608,4,19,1,M_AA,mata,Hymenoptera,Formicidae,1,4,1,,"16,755","16,755"
Physalaemus olfersii,MRCM1608,4,19,1,M_AA,mata,Hymenoptera,Formicidae,1,5,1,,"20,944","20,944"
Physalaemus olfersii,MRCM1608,4,19,1,M_AA,mata,Coleoptera,Coleoptera,2,6,2,,"201,062","100,531"
Ischnocnema juipoca,MRCM1609,7,26,2,E_TB,eucalipto,Vazio,Vazio,0,,,,"0,000","0,000"
Boana faber,MRCM1610,14,42,"6,1",E_TB,eucalipto,Blattodea,Blattodea,1,13,4,,"871,268","871,268"
Ololygon obtriangulata,MRCM1611,"6,5",26,"1,5",M_AB,mata,Araneae,Araneae,1,7,3,,"263,894","263,894"
Scinax aff. dolloi,MRCM1612,5,22,"0,8",M_AA,mata,Vazio,Vazio,0,,,,"0,000","0,000"
Ololygon obtriangulata,MRCM1613,7,28,"1,9",M_AA,mata,Não identificado,Não identificado,1,,,,"0,000","0,000"
Ischnocnema guentheri,MRCM1614,"5,55",22,"1,5",M_BVA,mata,Chilopoda,Chilopoda,1,,,Incompleto,"0,000","0,000"
Ololygon obtriangulata,MRCM1615,3,"13,6","0,1",M_BVA,mata,Araneae,Araneae,2,2,1,,"16,755","8,378"
Dendropsophus microps,MRCM1616,7,28,"1,9",M_BVA,mata,Vazio,Vazio,0,,,,"0,000","0,000"
Ischnocnema guentheri,MRCM1617,6,24,"1,5",M_BVA,mata,Araneae,Araneae,2,2,1,,"16,755","8,378"
Dendropsophus microps,MRCM1621,7,31,"2,5",M_CA,mata,Diptera,Mosca,1,8,3,,"301,593","301,593"
Dendropsophus microps,MRCM1621,7,31,"2,5",M_CA,mata,Insecta,Insecta,2,,,Incompleto,"0,000","0,000"
Dendropsophus minutus,MRCM1622,3,18,"0,5",M_BVA,mata,Thysanoptera,Thysanoptera,1,1,"0,5",,"1,047","1,047"
Boana latistriata,MRCM1623,7,28,"1,2",M_BVA,mata,Coleoptera,Coleoptera larva,1,,,Incompleto,"0,000","0,000"
Boana latistriata,MRCM1624,10,38,"3,1",M_BVA,mata,Blattodea,Blattodea,1,6,3,,"226,195","226,195"
Boana latistriata,MRCM1624,10,38,"3,1",M_BVA,mata,Araneae,Araneae,1,3,2,,"50,265","50,265"
Boana latistriata,MRCM1624,10,38,"3,1",M_BVA,mata,Coleoptera,Coleoptera,1,3,1,,"12,566","12,566"
Ischnocnema guentheri,MRCM1626,4,20,1,M_BVA,mata,Araneae,Araneae,1,5,2,,"83,776","83,776"
Ischnocnema guentheri,MRCM1626,4,20,1,M_BVA,mata,Opiliones,Opiliones,1,,,Incompleto,"0,000","0,000"
Ischnocnema guentheri,MRCM1626,4,20,1,M_BVA,mata,Coleoptera,Coleoptera,1,,,Incompleto,"0,000","0,000"
Ischnocnema guentheri,MRCM1626,4,20,1,M_BVA,mata,Araneae,Araneae,1,,,Incompleto,"0,000","0,000"
Rhinella icterica,MRCM1636,51,120,235,E_BVA,eucalipto,Coleoptera,Coleoptera,4,13,6,,"7841,415","1960,354"
Rhinella icterica,MRCM1636,51,120,235,E_BVA,eucalipto,Coleoptera,Coleoptera,1,22,12,,"13270,087","13270,087"
Scinax aff. dolloi,MRCM1637,10,38,4,M_BVB,mata,Araneae,Araneae,1,5,2,,"83,776","83,776"
Physalaemus olfersii,MRCM1638,4,19,"0,5",M_BVB,mata,Hymenoptera,Formicidae,1,3,"0,5",,"3,142","3,142"
Physalaemus olfersii,MRCM1638,4,19,"0,5",M_BVB,mata,Hymenoptera,Formicidae,3,2,"0,5",,"6,283","2,094"
Ischnocnema juipoca,MRCM1639,3,12,"0,5",E_FB,eucalipto,Araneae,Araneae,1,4,2,,"67,021","67,021"
Ischnocnema juipoca,MRCM1639,3,12,"0,5",E_FB,eucalipto,Araneae,Araneae,4,1,1,,"16,755","4,189"
Ischnocnema juipoca,MRCM1639,3,12,"0,5",E_FB,eucalipto,Psocodea,Psocodea,1,,,Incompleto,"0,000","0,000"
Chiasmocleis mantiqueira,MRCM1642,5,24,"2,4",E_FA,eucalipto,Vazio,Vazio,0,,,,"0,000","0,000"
Ischnocnema guentheri,MRCM1643,5,22,"1,4",E_FA,eucalipto,Vazio,Vazio,0,,,,"0,000","0,000"
Chiasmocleis mantiqueira,MRCM1644,6,25,3,E_FA,eucalipto,Hymenoptera,Formicidae,1,5,1,,"20,944","20,944"
Chiasmocleis mantiqueira,MRCM1645,"4,5",21,"2,9",E_FB,eucalipto,Vazio,Vazio,0,,,Apenas substrato,"0,000","0,000"
Ischnocnema juipoca,MRCM1646,"4,5",15,"0,9",E_FB,eucalipto,Vazio,Vazio,0,,,,"0,000","0,000"
Ischnocnema juipoca,MRCM1647,5,"18,5","0,5",E_FB,eucalipto,Não identificado,Não identificado,1,,,Incompleto,"0,000","0,000"
Chiasmocleis mantiqueira,MRCM1648,3,12,,E_FB,eucalipto,Hymenoptera,Formicidae,1,3,"0,5",,"3,142","3,142"
Hylodes aff. sazimai,MRCM1650,6,"20,5",3,M_BVA,mata,Coleoptera,Coleoptera,2,3,2,,"100,531","50,265"
Hylodes aff. sazimai,MRCM1650,6,"20,5",3,M_BVA,mata,Araneae,Araneae,1,,,Incompleto,"0,000","0,000"
Hylodes aff. sazimai,MRCM1650,6,"20,5",3,M_BVA,mata,Opiliones,Opiliones,1,,,Incompleto,"0,000","0,000"
Hylodes aff. sazimai,MRCM1651,6,24,3,M_BVA,mata,Vazio,Vazio,0,,,,"0,000","0,000"
Hylodes aff. sazimai,MRCM1652,"5,55",25,2,M_BVA,mata,Hymenoptera ,Vespa,1,6,2,,"100,531","100,531"
Hylodes aff. sazimai,MRCM1652,"5,55",25,2,M_BVA,mata,Semente de capim,Semente de capim,1,5,2,,"83,776","83,776"
Proceratophrys itamari,MRCM1817,12,26,"2,1",M_PB,mata,Coleoptera,Coleoptera,1,3,2,,"50,265","50,265"
Proceratophrys itamari,MRCM1817,12,26,"2,1",M_PB,mata,Araneae,Araneae,1,6,2,,"100,531","100,531"
Ischnocnema vizottoi,MRCM1819,3,14,"0,2",M_PA,mata,Insecta,Insecta,1,,,Incompleto,"0,000","0,000"
Ischnocnema vizottoi,MRCM1819,3,14,"0,2",M_PA,mata,Arachnida,Arachnida,1,,,Incompleto,"0,000","0,000"
Ischnocnema vizottoi,MRCM1820,4,13,"0,1",M_PA,mata,Hymenoptera,Formicidae,1,3,"0,5",,"3,142","3,142"
Ischnocnema vizottoi,MRCM1820,4,13,"0,1",M_PA,mata,Hemiptera,Heteroptera,1,3,1,,"12,566","12,566"
Ololygon obtriangulata,MRCM1821,6,25,"1,2",M_CA,mata,Não identificado,Não identificado,1,,,Incompleto,"0,000","0,000"
Rhinella ornata,MRCM1826,13,44,8,M_BVB,mata,Coleoptera,Coleoptera,1,8,4,,"536,165","536,165"
Rhinella ornata,MRCM1826,13,44,8,M_BVB,mata,Coleoptera,Coleoptera,1,5,2,,"83,776","83,776"
Rhinella ornata,MRCM1826,13,44,8,M_BVB,mata,Coleoptera,Coleoptera,1,4,2,,"67,021","67,021"
Rhinella ornata,MRCM1826,13,44,8,M_BVB,mata,Coleoptera,Coleoptera,1,6,2,,"100,531","100,531"
Rhinella ornata,MRCM1826,13,44,8,M_BVB,mata,Hymenoptera,Formicidae,6,7,2,,"703,717","117,286"
Rhinella ornata,MRCM1826,13,44,8,M_BVB,mata,Hymenoptera,Formicidae,1,4,1,,"16,755","16,755"
Rhinella ornata,MRCM1826,13,44,8,M_BVB,mata,Hymenoptera,Formicidae,30,7,1,,"879,646","29,322"
Rhinella ornata,MRCM1826,13,44,8,M_BVB,mata,Hymenoptera,Formicidae,6,8,1,,"201,062","33,510"
Bokermannohyla luctuosa,MRCM1828,16,49,"10,5",M_BVA,mata,Araneae,Araneae,1,7,3,,"263,894","263,894"
Bokermannohyla luctuosa,MRCM1828,16,49,"10,5",M_BVA,mata,Araneae,Araneae,1,14,6,,"2111,150","2111,150"
Paratelmatobius mantiqueira,MRCM1829,2,"11,65","0,5",M_BVA,mata,Isopoda,Isopoda,1,5,2,,"83,776","83,776"
Paratelmatobius mantiqueira,MRCM1829,2,"11,65","0,5",M_BVA,mata,Araneae,Araneae,1,1,"0,5",,"1,047","1,047"
Paratelmatobius mantiqueira,MRCM1829,2,"11,65","0,5",M_BVA,mata,Isopoda,Isopoda,1,2,1,,"8,378","8,378"
Ololygon obtriangulata,MRCM1830,"3,85",21,"0,9",M_CB,mata,Araneae,Araneae,1,,,Incompleto,"0,000","0,000"
Scinax aff. dolloi,MRCM1831,"9,7",37,"3,4",E_FA,eucalipto,Araneae,Araneae,1,,,Incompleto,"0,000","0,000"
Trachycephalus imitatrix,MRCM1832,"13,5",46,"7,9",M_FA,mata,Chilopoda,Chilopoda,1,,,Incompleto,"0,000","0,000"
Trachycephalus imitatrix,MRCM1832,"13,5",46,"7,9",M_FA,mata,Arthropoda,Arthropoda,1,,,Incompleto,"0,000","0,000"
Trachycephalus imitatrix,MRCM1832,"13,5",46,"7,9",M_FA,mata,Araneae,Araneae,1,,,Incompleto,"0,000","0,000"
Trachycephalus imitatrix,MRCM1832,"13,5",46,"7,9",M_FA,mata,Coleoptera,Coleoptera,1,6,4,,"402,124","402,124"
Scinax aff. dolloi,MRCM1833,5,24,"0,9",M_FB,mata,Araneae,Araneae,1,1,"0,5",,"1,047","1,047"
Scinax aff. dolloi,MRCM1833,5,24,"0,9",M_FB,mata,Araneae,Araneae,1,3,2,,"50,265","50,265"
Scinax aff. dolloi,MRCM1836,4,21,"0,6",M_AA,mata,Vazio,Vazio,0,,,,"0,000","0,000"
Scinax aff. dolloi,MRCM1837,"3,85",21,"0,8",M_AA,mata,Araneae,Araneae,1,,,Incompleto,"0,000","0,000"
Ololygon obtriangulata,MRCM1839,5,"24,8","1,2",M_AA,mata,Araneae,Araneae,1,4,2,,"67,021","67,021"
Scinax aff. dolloi,MRCM1840,4,"29,45",1,M_PA,mata,Insecta,Insecta,1,,,Incompleto,"0,000","0,000"
Scinax aff. dolloi,MRCM1840,4,"29,45",1,M_PA,mata,Araneae,Araneae,1,,,Incompleto,"0,000","0,000"
Scinax aff. dolloi,MRCM1840,4,"29,45",1,M_PA,mata,Opiliones,Opiliones,1,,,Incompleto,"0,000","0,000"
Proceratophrys boiei,MRCM1841,26,56,23,M_PA,mata,Chilopoda,Chilopoda,1,,,Incompleto,"0,000","0,000"
Scinax aff. dolloi,MRCM1843,9,35,"4,9",M_BVB,mata,Vazio,Vazio,0,,,,"0,000","0,000"
Scinax aff. dolloi,MRCM1844,"3,85",22,"0,9",M_BVB,mata,Vazio,Vazio,0,,,,"0,000","0,000"
Scinax aff. dolloi,MRCM1845,"3,9",21,"0,9",M_BVB,mata,Vazio,Vazio,0,,,,"0,000","0,000"
Scinax aff. dolloi,MRCM1846,4,21,"0,9",M_BVB,mata,Vazio,Vazio,0,,,,"0,000","0,000"
Proceratophrys boiei,MRCM1847,24,46,20,M_BVB,mata,Vazio,Vazio,0,,,,"0,000","0,000"
Scinax aff. dolloi,MRCM1848,7,29,"1,5",E_FB,eucalipto,Arachnida,Arachnida,1,,,Incompleto,"0,000","0,000"
Bokermannohyla luctuosa,MRCM1849,19,"60,5","16,5",M_FB,mata,Coleoptera,Coleoptera,1,11,4,,"737,227","737,227"
Bokermannohyla luctuosa,MRCM1849,19,"60,5","16,5",M_FB,mata,Blattodea,Blattodea,1,4,1,,"16,755","16,755"
Proceratophrys itamari,MRCM1855,"13,5",32,"2,6",M_AA,mata,Coleoptera,Coleoptera,1,4,2,,"67,021","67,021"
Proceratophrys itamari,MRCM1855,"13,5",32,"2,6",M_AA,mata,Isopoda,Isopoda,1,6,2,,"100,531","100,531"
Dendropsophus microps,MRCM1881,7,28,,M_BVA,mata,Vazio,Vazio,0,,,,"0,000","0,000"
Ololygon obtriangulata,MRCM1884,3,21,"0,9",M_AA,mata,Araneae,Araneae,1,3,2,,"50,265","50,265"
Ololygon obtriangulata,MRCM1885,4,"21,65","0,9",M_AA,mata,Insecta,Insecta,1,,,Incompleto,"0,000","0,000"
Ischnocnema guentheri,MRCM2011,6,25,"1,9",E_CAB,eucalipto,Vazio,Vazio,0,,,,"0,000","0,000"
Ischnocnema juipoca,MRCM2012,"4,45",18,"0,9",E_CAB,eucalipto,Vazio,Vazio,0,,,,"0,000","0,000"
Ischnocnema juipoca,MRCM2013,3,"17,7","0,6",E_CAB,eucalipto,Apenas substrato,Apenas substrato,0,,,,"0,000","0,000"
Physalaemus olfersii,MRCM2014,4,25,"2,6",E_TA,eucalipto,Vazio,Vazio,0,,,,"0,000","0,000"
Chiasmocleis mantiqueira,MRCM2015,3,18,"0,6",E_TA,eucalipto,Hymenoptera,Formicidae,1,3,"0,5",,"3,142","3,142"
Chiasmocleis mantiqueira,MRCM2015,3,18,"0,6",E_TA,eucalipto,Hymenoptera,Formicidae,1,,,Incompleto,"0,000","0,000"
Boana latistriata,MRCM2016,8,31,"2,5",M_BVA,mata,Orthoptera,Orthoptera,1,,,Incompleto,"0,000","0,000"
Proceratophrys boiei,MRCM2017,"29,5",64,"28,5",E_FA,eucalipto,Coleoptera,Coleoptera,1,16,6,,"2412,743","2412,743"
Chiasmocleis mantiqueira,MRCM2018,5,24,2,E_FA,eucalipto,Arthropoda,Arthropoda,1,,,Incompleto,"0,000","0,000"
Chiasmocleis mantiqueira,MRCM2018,5,24,2,E_FA,eucalipto,Hymenoptera,Formicidae,1,3,1,,"12,566","12,566"
Chiasmocleis mantiqueira,MRCM2019,2,13,"0,2",E_FA,eucalipto,Coleoptera,Coleoptera,1,2,1,,"8,378","8,378"
Chiasmocleis mantiqueira,MRCM2019,2,13,"0,2",E_FA,eucalipto,Hymenoptera,Formicidae,1,4,1,,"16,755","16,755"
Ischnocnema guentheri,MRCM2020,10,39,4,E_FB,eucalipto,Vazio,Vazio,0,,,,"0,000","0,000"
Bokermannohyla luctuosa,MRCM2021,4,22,"0,5",E_FA,eucalipto,Vazio,Vazio,0,,,,"0,000","0,000"
Ischnocnema guentheri,MRCM2022,"9,7","31,5","4,8",E_FB,eucalipto,Coleoptera,Coleoptera,1,8,2,,"134,041","134,041"
Scinax aff. dolloi,MRCM2023,10,"35,55","3,2",M_CB,mata,Vazio,Vazio,0,,,,"0,000","0,000"
Rhinella icterica,MRCM2024,47,114,175,M_BVA,mata,Coleoptera,Coleoptera,2,14,4,,"1876,578","938,289"
Rhinella icterica,MRCM2024,47,114,175,M_BVA,mata,Coleoptera,Coleoptera,1,16,4,,"1072,330","1072,330"
Rhinella icterica,MRCM2024,47,114,175,M_BVA,mata,Coleoptera,Coleoptera,3,8,6,,"3619,115","1206,372"
Rhinella icterica,MRCM2024,47,114,175,M_BVA,mata,Coleoptera,Coleoptera,1,18,5,,"1884,956","1884,956"
Rhinella icterica,MRCM2024,47,114,175,M_BVA,mata,Coleoptera,Coleoptera,2,14,6,,"4222,301","2111,150"
Ischnocnema juipoca,MRCM2034,4,19,"0,6",E_BVB,eucalipto,Coleoptera,Coleoptera,1,2,1,,"8,378","8,378"
Dendropsophus microps,MRCM2035,4,19,"0,6",M_BVB,mata,Vazio,Vazio,0,,,,"0,000","0,000"
Proceratophrys boiei,MRCM2036,30,67,30,M_BVB,mata,Orthoptera,Ensifera,1,20,7,,"4105,014","4105,014"
Proceratophrys boiei,MRCM2036,30,67,30,M_BVB,mata,Coleoptera,Coleoptera,1,15,8,,"4021,239","4021,239"
Ololygon obtriangulata,MRCM2037,4,21,"0,6",M_BVB,mata,Vazio,Vazio,0,,,,"0,000","0,000"
Ischnocnema juipoca,MRCM2038,"2,5",15,"0,1",E_TB,eucalipto,Hymenoptera,Formicidae,1,2,"0,5",,"2,094","2,094"
Ischnocnema juipoca,MRCM2038,"2,5",15,"0,1",E_TB,eucalipto,Chilopoda,Chilopoda,1,10,1,,"41,888","41,888"
Ischnocnema juipoca,MRCM2038,"2,5",15,"0,1",E_TB,eucalipto,Arachnida,Arachnida,1,,,Incompleto,"0,000","0,000"
Ischnocnema juipoca,MRCM2038,"2,5",15,"0,1",E_TB,eucalipto,Coleoptera,Coleoptera,1,4,1,,"16,755","16,755"
Ischnocnema juipoca,MRCM2038,"2,5",15,"0,1",E_TB,eucalipto,Coleoptera,Coleoptera,1,3,1,,"12,566","12,566"
Ischnocnema juipoca,MRCM2038,"2,5",15,"0,1",E_TB,eucalipto,Hymenoptera,Formicidae,1,2,"0,5",,"2,094","2,094"
Aplastodiscus albosignatus,MRCM2044,11,39,"4,5",M_AA,mata,Vazio,Vazio,0,,,,"0,000","0,000"
Dendropsophus microps,MRCM2045,"7,5",28,"1,5",M_AA,mata,Não identificado,Não identificado,1,,,Incompleto,"0,000","0,000"
Bokermannohyla luctuosa,MRCM2046,4,20,"0,5",M_AA,mata,Diplopoda,Diplopoda,1,,,Incompleto,"0,000","0,000"
Bokermannohyla luctuosa,MRCM2046,4,20,"0,5",M_AA,mata,Diplopoda,Diplopoda,1,,,Incompleto,"0,000","0,000"
Scinax aff. dolloi,MRCM2048,10,38,"3,9",M_BVB,mata,Coleoptera,Coleoptera,1,6,2,,"100,531","100,531"
Scinax aff. dolloi,MRCM2048,10,38,"3,9",M_BVB,mata,Coleoptera,Coleoptera,1,5,2,,"83,776","83,776"
Scinax aff. dolloi,MRCM2048,10,38,"3,9",M_BVB,mata,Araneae,Araneae,1,5,2,,"83,776","83,776"
Proceratophrys boiei,MRCM2049,27,59,"24,5",M_FA,mata,Vazio,Vazio,0,,,Parasitado,"0,000","0,000"
Dendropsophus microps,MRCM2050,5,20,1,M_FA,mata,Vazio,Vazio,0,,,,"0,000","0,000"
Bokermannohyla luctuosa,MRCM2051,17,"55,5","11,1",M_FA,mata,Vazio,Vazio,0,,,,"0,000","0,000"
Ololygon obtriangulata,MRCM2052,7,25,"1,1",M_FA,mata,Vazio,Vazio,0,,,,"0,000","0,000"
Proceratophrys boiei,MRCM2053,29,"61,5","27,5",M_BVB,mata,Orthoptera,Orthoptera,1,,,Incompleto,"0,000","0,000"
Proceratophrys boiei,MRCM2053,29,"61,5","27,5",M_BVB,mata,Isopoda,Isopoda,1,4,3,,"150,796","150,796"
Proceratophrys boiei,MRCM2053,29,"61,5","27,5",M_BVB,mata,Coleoptera,Coleoptera,1,7,4,,"469,145","469,145"
Proceratophrys boiei,MRCM2053,29,"61,5","27,5",M_BVB,mata,Coleoptera,Coleoptera,1,9,4,,"603,186","603,186"
Bokermannohyla luctuosa,MRCM2054,"18,5",58,"13,9",M_BVB,mata,Opiliones,Opiliones,1,6,5,,"628,319","628,319"
Rhinella icterica,MRCM2064,45,111,150,M_PB,mata,Coleoptera,Coleoptera,1,30,10,,"12566,371","12566,371"
Rhinella icterica,MRCM2064,45,111,150,M_PB,mata,Coleoptera,Coleoptera,1,7,2,,"117,286","117,286"
Rhinella icterica,MRCM2064,45,111,150,M_PB,mata,Coleoptera,Coleoptera,1,3,1,,"12,566","12,566"
Rhinella icterica,MRCM2064,45,111,150,M_PB,mata,Diplopoda,Diplopoda,5,,,Incompleto,"0,000","0,000"
Rhinella icterica,MRCM2064,45,111,150,M_PB,mata,Coleoptera,Coleoptera,3,7,2,,"351,858","117,286"
Rhinella icterica,MRCM2064,45,111,150,M_PB,mata,Dermaptera,Dermaptera,1,,,Incompleto,"0,000","0,000"
Rhinella icterica,MRCM2064,45,111,150,M_PB,mata,Coleoptera,Coleoptera,1,7,4,,"469,145","469,145"
Rhinella icterica,MRCM2064,45,111,150,M_PB,mata,Coleoptera,Coleoptera,1,14,4,,"938,289","938,289"
Rhinella icterica,MRCM2064,45,111,150,M_PB,mata,Coleoptera,Coleoptera,1,6,3,,"226,195","226,195"
Rhinella icterica,MRCM2064,45,111,150,M_PB,mata,Coleoptera,Coleoptera,1,17,6,,"2563,540","2563,540"
Ololygon obtriangulata,MRCM2065,9,35,"2,7",E_TA,eucalipto,Vazio,Vazio,0,,,,"0,000","0,000"
Scinax aff. dolloi,MRCM2066,"8,6",34,"3,1",E_TA,eucalipto,Araneae,Araneae,1,,,Incompleto,"0,000","0,000"
Chiasmocleis mantiqueira,MRCM2067,"4,5",21,"0,6",E_TA,eucalipto,Hymenoptera,Formicidae,2,5,1,,"41,888","20,944"
Chiasmocleis mantiqueira,MRCM2067,"4,5",21,"0,6",E_TA,eucalipto,Hymenoptera,Formicidae,10,4,1,,"167,552","16,755"
Chiasmocleis mantiqueira,MRCM2067,"4,5",21,"0,6",E_TA,eucalipto,Hymenoptera,Formicidae,5,3,1,,"62,832","12,566"
Rhinella icterica,MRCM2074,48,124,200,E_BVA,eucalipto,Hymenoptera,Formicidae,2,,,Incompleto,"0,000","0,000"
Rhinella icterica,MRCM2074,48,124,200,E_BVA,eucalipto,Coleoptera,Coleoptera,1,8,5,,"837,758","837,758"
Rhinella icterica,MRCM2074,48,124,200,E_BVA,eucalipto,Coleoptera,Coleoptera,5,,,Incompleto,"0,000","0,000"
Rhinella icterica,MRCM2074,48,124,200,E_BVA,eucalipto,Coleoptera,Coleoptera,2,5,2,,"167,552","83,776"
Rhinella icterica,MRCM2074,48,124,200,E_BVA,eucalipto,Coleoptera,Coleoptera,2,18,6,,"5428,672","2714,336"
Rhinella icterica,MRCM2074,48,124,200,E_BVA,eucalipto,Coleoptera,Coleoptera,1,12,5,,"1256,637","1256,637"
Rhinella icterica,MRCM2074,48,124,200,E_BVA,eucalipto,Coleoptera,Coleoptera,1,12,4,,"804,248","804,248"
Rhinella icterica,MRCM2074,48,124,200,E_BVA,eucalipto,Coleoptera,Coleoptera,1,17,7,,"3489,262","3489,262"
Rhinella ornata,MRCM2079,19,62,10,M_BVA,mata,Opiliones,Opiliones,1,4,3,,"150,796","150,796"
Rhinella ornata,MRCM2079,19,62,10,M_BVA,mata,Coleoptera,Coleoptera,1,18,6,,"2714,336","2714,336"
Rhinella ornata,MRCM2079,19,62,10,M_BVA,mata,Coleoptera,Coleoptera,1,6,3,,"226,195","226,195"
Rhinella ornata,MRCM2079,19,62,10,M_BVA,mata,Coleoptera,Coleoptera,1,2,1,,"8,378","8,378"
Rhinella ornata,MRCM2079,19,62,10,M_BVA,mata,Hymenoptera ,Formicidae,1,13,2,,"217,817","217,817"
Rhinella ornata,MRCM2079,19,62,10,M_BVA,mata,Hymenoptera ,Formicidae,1,7,2,,"117,286","117,286"
Rhinella ornata,MRCM2079,19,62,10,M_BVA,mata,Hymenoptera ,Formicidae,12,5,1,,"251,327","20,944"
Rhinella ornata,MRCM2079,19,62,10,M_BVA,mata,Hymenoptera ,Formicidae,1,3,1,,"12,566","12,566"
Rhinella ornata,MRCM2079,19,62,10,M_BVA,mata,Hymenoptera ,Formicidae,1,4,1,,"16,755","16,755"
Rhinella ornata,MRCM2079,19,62,10,M_BVA,mata,Hemiptera,Hemiptera,1,12,5,,"1256,637","1256,637"
Rhinella ornata,MRCM2079,19,62,10,M_BVA,mata,Diplopoda,Diplopoda,1,35,3,,"1319,469","1319,469"
Bokermannohyla luctuosa,MRCM2082,4,22,"0,6",M_BVB,mata,Vazio,Vazio,0,,,,"0,000","0,000"
Scinax aff. dolloi,MRCM2083,"4,55",22,"0,5",M_BVB,mata,Vazio,Vazio,0,,,,"0,000","0,000"
Aplastodiscus albosignatus,MRCM2086,12,41,4,E_FA,eucalipto,Vazio,Vazio,0,,,,"0,000","0,000"
Proceratophrys boiei,MRCM2087,23,"50,8","15,5",E_FA,eucalipto,Vazio,Vazio,0,,,,"0,000","0,000"
Ischnocnema guentheri,MRCM2097,5,22,"1,5",E_CAB,eucalipto,Vazio,Vazio,0,,,,"0,000","0,000"
Ischnocnema juipoca,MRCM2098,,,"1,6",E_CAB,eucalipto,Vazio,Vazio,0,,,,"0,000","0,000"
Ischnocnema juipoca,MRCM2099,7,23,1,E_CAB,eucalipto,Arthropoda,Arthropoda,1,,,Incompleto,"0,000","0,000"
Chiasmocleis mantiqueira,MRCM2102,"3,6",20,1,E_TB,eucalipto,Vazio,Vazio,0,,,,"0,000","0,000"
Bokermannohyla luctuosa,MRCM2103,21,59,"16,1",M_PA,mata,Orthoptera,Orthoptera,1,,,Incompleto,"0,000","0,000"
Physalaemus olfersii,MRCM2105,"5,5",21,"0,9",E_CAB,eucalipto,Hymenoptera,Formicidae,2,2,"0,5",,"4,189","2,094"
Physalaemus olfersii,MRCM2105,"5,5",21,"0,9",E_CAB,eucalipto,Hymenoptera,Formicidae,2,5,1,,"41,888","20,944"
Physalaemus olfersii,MRCM2105,"5,5",21,"0,9",E_CAB,eucalipto,Hymenoptera,Formicidae,1,3,"0,5",,"3,142","3,142"
Bokermannohyla luctuosa,MRCM2115,19,58,"18,5",M_BVA,mata,Hemiptera,Heteroptera,2,13,5,,"2722,714","1361,357"
Boana prasina,MRCM2116,6,24,"0,9",E_BVA,eucalipto,Vazio,Vazio,0,,,,"0,000","0,000"
Scinax aff. dolloi,MRCM2117,9,33,"2,8",M_BVB,mata,Vazio,Vazio,0,,,,"0,000","0,000"
Bokermannohyla luctuosa,MRCM2118,4,21,"0,6",M_BVB,mata,Vazio,Vazio,0,,,,"0,000","0,000"
Scinax aff. dolloi,MRCM2119,"5,55",27,1,M_BVB,mata,Vazio,Vazio,0,,,,"0,000","0,000"
Dendropsophus microps,MRCM2120,6,28,"1,5",M_BVB,mata,Vazio,Vazio,0,,,,"0,000","0,000"
Proceratophrys boiei,MRCM2121,29,64,27,M_BVB,mata,Coleoptera,Coleoptera,1,18,7,,"3694,513","3694,513"
Proceratophrys boiei,MRCM2121,29,64,27,M_BVB,mata,Coleoptera,Coleoptera,1,14,9,,"4750,088","4750,088"
Rhinella icterica,MRCM2122,42,112,165,M_BVB,mata,Coleoptera,Coleoptera,15,15,9,,"76340,701","5089,380"
Rhinella icterica,MRCM2122,42,112,165,M_BVB,mata,Coleoptera,Coleoptera,8,14,7,,"22988,081","2873,510"
Rhinella icterica,MRCM2122,42,112,165,M_BVB,mata,Coleoptera,Coleoptera,1,17,11,,"8616,341","8616,341"
Rhinella icterica,MRCM2122,42,112,165,M_BVB,mata,Hymenoptera,Formicidae,3,17,2,,"854,513","284,838"
Rhinella icterica,MRCM2122,42,112,165,M_BVB,mata,Coleoptera,Coleoptera,1,9,3,,"339,292","339,292"
Bokermannohyla luctuosa,MRCM2124,14,49,"9,9",M_FA,mata,Vazio,Vazio,0,,,,"0,000","0,000"
Ololygon obtriangulata,MRCM2125,5,24,"0,6",M_FA,mata,Arthropoda,Insecta,1,,,Incompleto,"0,000","0,000"
Ischnocnema juipoca,MRCM2126,4,19,"0,5",M_FA,mata,Coleoptera,Coleoptera,1,5,2,,"83,776","83,776"
Ololygon obtriangulata,MRCM2129,3,20,"0,3",M_CB,mata,Vazio,Vazio,0,,,,"0,000","0,000"
Chiasmocleis mantiqueira,MRCM2130,"3,6","20,5","1,7",E_TB,eucalipto,Coleoptera,Coleoptera,1,2,1,,"8,378","8,378"
Chiasmocleis mantiqueira,MRCM2130,"3,6","20,5","1,7",E_TB,eucalipto,Hymenoptera,Formicidae,2,5,1,morfotipo1,"41,888","20,944"
Chiasmocleis mantiqueira,MRCM2130,"3,6","20,5","1,7",E_TB,eucalipto,Hymenoptera,Formicidae,3,5,1,morfotipo2,"62,832","20,944"
Chiasmocleis mantiqueira,MRCM2130,"3,6","20,5","1,7",E_TB,eucalipto,Hymenoptera,Formicidae,3,5,1,morfotipo3,"62,832","20,944"
Chiasmocleis mantiqueira,MRCM2130,"3,6","20,5","1,7",E_TB,eucalipto,Hymenoptera,Formicidae,37,3,"0,5",,"116,239","3,142"
Ischnocnema vizottoi,MRCM2131,4,15,"0,1",M_PB,mata,Não identificado,Não identificado,1,,,Incompleto,"0,000","0,000"
Proceratophrys itamari,MRCM2132,8,18,"0,6",M_PB,mata,Vazio,Vazio,0,,,,"0,000","0,000"
Chiasmocleis mantiqueira,MRCM2133,2,14,"0,1",M_CA,mata,Hymenoptera,Formicidae,2,4,1,,"33,510","16,755"
Chiasmocleis mantiqueira,MRCM2134,4,20,"1,4",E_TA,eucalipto,Hymenoptera,Formicidae,3,5,1,,"62,832","20,944"
Chiasmocleis mantiqueira,MRCM2134,4,20,"1,4",E_TA,eucalipto,Coleoptera,Coleoptera,1,5,1,,"20,944","20,944"
Proceratophrys boiei,MRCM2135,32,70,42,M_AA,mata,Vazio,Vazio,0,,,,"0,000","0,000"
Ololygon obtriangulata,MRCM2136,"2,5",18,"0,1",M_AB,mata,Vazio,Vazio,0,,,,"0,000","0,000"
Dendropsophus microps,MRCM2137,4,18,"0,6",M_AB,mata,Coleoptera,Coleoptera,1,2,1,,"8,378","8,378"
Ololygon obtriangulata,MRCM2138,5,25,1,M_AB,mata,Vazio,Vazio,0,,,,"0,000","0,000"
Scinax aff. duartei,MRCM2139,,,"0,1",M_AB,mata,Vazio,Vazio,0,,,,"0,000","0,000"
Ololygon obtriangulata,MRCM2140,3,12,"0,5",M_AA,mata,Vazio,Vazio,0,,,,"0,000","0,000"
Dendropsophus microps,MRCM2141,4,17,"0,4",M_AA,mata,Coleoptera,Coleoptera,1,4,2,,"67,021","67,021"
Dendropsophus microps,MRCM2141,4,17,"0,4",M_AA,mata,Coleoptera,Coleoptera,1,2,1,,"8,378","8,378"
Proceratophrys boiei,MRCM2142,"23,6","51,5","17,4",E_VLB,eucalipto,Vazio,Vazio,0,,,,"0,000","0,000"
Hylodes aff. sazimai,MRCM2143,6,24,1,E_VLB,eucalipto,Coleoptera,Coleoptera,1,3,1,,"12,566","12,566"
Dendropsophus microps,MRCM2144,4,"19,7","0,55",M_FB,mata,Coleoptera,Coleoptera,1,3,1,,"12,566","12,566"
Bokermannohyla luctuosa,MRCM2145,16,51,"5,9",M_FB,mata,Hemiptera,Heteroptera,1,13,7,,"2668,259","2668,259"
Ololygon obtriangulata,MRCM2146,5,27,"1,1",E_FB,eucalipto,Araneae,Araneae,1,4,2,,"67,021","67,021"
Chiasmocleis mantiqueira,MRCM2147,"3,6",18,"0,9",E_FA,eucalipto,Acari,Acari,1,"0,5","0,5",,"0,524","0,524"
Chiasmocleis mantiqueira,MRCM2147,"3,6",18,"0,9",E_FA,eucalipto,Coleoptera,Coleoptera,1,,,Incompleto,"0,000","0,000"
Chiasmocleis mantiqueira,MRCM2147,"3,6",18,"0,9",E_FA,eucalipto,Opiliones,Opiliones,1,,,Incompleto,"0,000","0,000"
Chiasmocleis mantiqueira,MRCM2147,"3,6",18,"0,9",E_FA,eucalipto,Hymenoptera,Formicidae,1,3,1,,"12,566","12,566"
Proceratophrys boiei,MRCM2148,21,"41,5","10,9",M_CA,mata,Vazio,Vazio,0,,,,"0,000","0,000"
Ololygon obtriangulata,MRCM2149,5,25,"1,5",M_CA,mata,Arthropoda,Arthropoda,1,,,Incompleto,"0,000","0,000"
Ololygon obtriangulata,MRCM2150,"3,6",17,"0,4",E_BVA,eucalipto,Araneae,Araneae,1,,,Incompleto,"0,000","0,000"
Ololygon obtriangulata,MRCM2150,"3,6",17,"0,4",E_BVA,eucalipto,Insecta,Insecta,1,,,Incompleto,"0,000","0,000"
Scinax aff. dolloi,MRCM2155,9,35,"3,6",E_BVB,eucalipto,Vazio,Vazio,0,,,,"0,000","0,000"
Boana faber,MRCM2156,28,70,39,M_BVB,mata,Orthoptera,Ensifera,1,18,10,,"7539,822","7539,822"
Boana faber,MRCM2156,28,70,39,M_BVB,mata,Araneae,Araneae,1,20,7,,"4105,014","4105,014"
Boana faber,MRCM2156,28,70,39,M_BVB,mata,Diplopoda,Diplopoda,1,18,3,,"678,584","678,584"
Ololygon obtriangulata,MRCM2157,"4,45",22,"0,9",M_BVB,mata,Pterygota,Pterygota,1,3,2,,"50,265","50,265"
Ololygon obtriangulata,MRCM2162,10,"33,6",pesar,M_BVA,mata,Vazio,Vazio,0,,,,"0,000","0,000"
Bokermannohyla luctuosa,MRCM2163,"11,5",51,"10,8",M_BVA,mata,Vazio,Vazio,0,,,,"0,000","0,000"
Scinax aff. dolloi,MRCM2169,"3,5","18,6","0,2",M_AA,mata,Vazio,Vazio,0,,,,"0,000","0,000"
Proceratophrys itamari,MRCM2170,9,21,1,M_CB,mata,Vazio,Vazio,0,,,,"0,000","0,000"
Dendropsophus microps,MRCM2171,"3,5",20,"0,9",M_AA,mata,Blattodea,Isoptera,13,6,1,,"326,726","25,133"
Proceratophrys itamari,MRCM2173,"5,55",15,"0,2",M_CB,mata,Vazio,Vazio,0,,,,"0,000","0,000"
Hylodes aff. sazimai,MRCM2174,6,24,"1,8",M_CB,mata,Collembola,Collembola,1,3,2,,"50,265","50,265"
Hylodes aff. sazimai,MRCM2174,6,24,"1,8",M_CB,mata,Dermaptera,Dermaptera,1,,,Incompleto,"0,000","0,000"
Scinax aff. dolloi,MRCM2175,3,21,"0,9",M_CB,mata,Vazio,Vazio,0,,,,"0,000","0,000"
Ischnocnema guentheri,MRCM2191,11,36,"5,1",M_AB,mata,Dermaptera,Dermaptera,1,10,3,,"376,991","376,991"
Ischnocnema guentheri,MRCM2191,11,36,"5,1",M_AB,mata,Coleoptera,Coleoptera,1,13,4,,"871,268","871,268"
Ischnocnema guentheri,MRCM2191,11,36,"5,1",M_AB,mata,Araneae,Araneae,1,1,1,,"4,189","4,189"
Ischnocnema guentheri,MRCM2191,11,36,"5,1",M_AB,mata,Hymenoptera,Formicidae,1,5,2,,"83,776","83,776"
Dendropsophus microps,MRCM2204,3,20,"0,9",M_FA,mata,Vazio,Vazio,0,,,,"0,000","0,000"
Dendropsophus microps,MRCM2204,3,20,"0,9",M_FA,mata,Vazio,Vazio,0,,,,"0,000","0,000"
Physalaemus olfersii,MRCM2214,4,26,"2,1",M_AA,mata,Coleoptera,Coleoptera,1,5,3,,"188,496","188,496"
Physalaemus olfersii,MRCM2214,4,26,"2,1",M_AA,mata,Coleoptera,Coleoptera,1,2,"0,5",,"2,094","2,094"
Physalaemus olfersii,MRCM2214,4,26,"2,1",M_AA,mata,Hymenoptera,Formicidae,1,5,1,,"20,944","20,944"
Physalaemus olfersii,MRCM2214,4,26,"2,1",M_AA,mata,Hymenoptera,Formicidae,1,3,1,,"12,566","12,566"
Physalaemus olfersii,MRCM2215,"4,7",24,"1,9",M_AA,mata,Vazio,Vazio,0,,,,"0,000","0,000"
Trachycephalus imitatrix,MRCM2216,16,55,10,M_AA,mata,Vazio,Vazio,0,,,,"0,000","0,000"
Scinax aff. dolloi,MRCM2217,12,36,"4,1",M_AA,mata,Vazio,Vazio,0,,,Matéria vegetal,"0,000","0,000"
Dendropsophus microps,MRCM2218,6,"25,55","1,5",M_AA,mata,Vazio,Vazio,0,,,,"0,000","0,000"
Scinax aff. dolloi,MRCM2219,11,38,"3,5",M_AA,mata,Vazio,Vazio,0,,,,"0,000","0,000"
Physalaemus olfersii,MRCM2220,4,25,"1,5",M_AA,mata,Vazio,Vazio,0,,,,"0,000","0,000"
Rhinella icterica,MRCM2226,44,109,180,M_BVA,mata,Lepidoptera,Lepidoptera larva,1,30,4,,"2010,619","2010,619"
Rhinella icterica,MRCM2226,44,109,180,M_BVA,mata,Coleoptera,Coleoptera,1,25,5,,"2617,994","2617,994"
Rhinella icterica,MRCM2226,44,109,180,M_BVA,mata,Orthoptera,Orthoptera,1,,,Incompleto,"0,000","0,000"
Rhinella icterica,MRCM2226,44,109,180,M_BVA,mata,Diplopoda,Diplopoda,1,80,6,,"12063,716","12063,716"
Rhinella icterica,MRCM2226,44,109,180,M_BVA,mata,Coleoptera,Coleoptera,1,14,5,,"1466,077","1466,077"
Rhinella icterica,MRCM2226,44,109,180,M_BVA,mata,Coleoptera,Coleoptera,1,15,3,,"565,487","565,487"
Rhinella icterica,MRCM2226,44,109,180,M_BVA,mata,Coleoptera,Coleoptera larva,1,20,3,,"753,982","753,982"
Rhinella icterica,MRCM2226,44,109,180,M_BVA,mata,Coleoptera,Coleoptera,1,18,10,,"7539,822","7539,822"
Rhinella icterica,MRCM2226,44,109,180,M_BVA,mata,Hymenoptera,Formicidae,5,12,2,,"1005,310","201,062"
Rhinella icterica,MRCM2226,44,109,180,M_BVA,mata,Hymenoptera,Formicidae,1,8,1,,"33,510","33,510"
Rhinella icterica,MRCM2226,44,109,180,M_BVA,mata,Hymenoptera,Formicidae,1,10,2,,"167,552","167,552"
Rhinella icterica,MRCM2226,44,109,180,M_BVA,mata,Hymenoptera,Formicidae,16,9,1,,"603,186","37,699"
Rhinella icterica,MRCM2226,44,109,180,M_BVA,mata,Hymenoptera,Formicidae,1,4,1,,"16,755","16,755"
Rhinella icterica,MRCM2226,44,109,180,M_BVA,mata,Hymenoptera,Formicidae,2,6,1,,"50,265","25,133"
Rhinella icterica,MRCM2226,44,109,180,M_BVA,mata,Mantodea,Mantodea,1,,,Incompleto,"0,000","0,000"
Rhinella icterica,MRCM2226,44,109,180,M_BVA,mata,Isopoda,Isopoda,1,,,Incompleto,"0,000","0,000"
Rhinella icterica,MRCM2226,44,109,180,M_BVA,mata,Coleoptera,Coleoptera,1,14,4,,"938,289","938,289"
Rhinella icterica,MRCM2226,44,109,180,M_BVA,mata,Opiliones,Opiliones,1,6,6,,"904,779","904,779"
Rhinella icterica,MRCM2226,44,109,180,M_BVA,mata,Opiliones,Opiliones,1,6,5,,"628,319","628,319"
Rhinella icterica,MRCM2226,44,109,180,M_BVA,mata,Hymenoptera,Formicidae,1,5,1,,"20,944","20,944"
Rhinella icterica,MRCM2226,44,109,180,M_BVA,mata,Coleoptera,Coleoptera,1,13,6,,"1960,354","1960,354"
Rhinella icterica,MRCM2226,44,109,180,M_BVA,mata,Coleoptera,Coleoptera,2,,,Incompleto,"0,000","0,000"
Rhinella icterica,MRCM2226,44,109,180,M_BVA,mata,Coleoptera,Coleoptera,2,17,8,,"9114,807","4557,404"
Rhinella icterica,MRCM2226,44,109,180,M_BVA,mata,Coleoptera,Coleoptera,1,9,4,,"603,186","603,186"
Rhinella icterica,MRCM2226,44,109,180,M_BVA,mata,Coleoptera,Coleoptera,8,11,5,,"9215,338","1151,917"
Rhinella icterica,MRCM2226,44,109,180,M_BVA,mata,Coleoptera,Coleoptera,1,,,Incompleto,"0,000","0,000"
Rhinella icterica,MRCM2227,"45,55",111,220,M_BVA,mata,Diplopoda,Diplopoda,1,90,5,,"9424,778","9424,778"
Rhinella icterica,MRCM2227,"45,55",111,220,M_BVA,mata,Coleoptera,Coleoptera,11,19,10,,"87545,715","7958,701"
Rhinella icterica,MRCM2227,"45,55",111,220,M_BVA,mata,Coleoptera,Coleoptera,1,10,4,,"670,206","670,206"
Rhinella icterica,MRCM2227,"45,55",111,220,M_BVA,mata,Opiliones,Opiliones,2,9,10,,"7539,822","3769,911"
Rhinella icterica,MRCM2227,"45,55",111,220,M_BVA,mata,Coleoptera,Coleoptera larva,1,,,Incompleto,"0,000","0,000"
Rhinella icterica,MRCM2227,"45,55",111,220,M_BVA,mata,Hymenoptera,Formicidae,5,7,1,,"146,608","29,322"
Rhinella icterica,MRCM2227,"45,55",111,220,M_BVA,mata,Coleoptera,Coleoptera,1,4,3,,"150,796","150,796"
Rhinella icterica,MRCM2227,"45,55",111,220,M_BVA,mata,Coleoptera,Coleoptera,5,,,Incompleto,"0,000","0,000"
Ischnocnema holti,MRCM2228,"3,5",14,"0,5",M_BVA,mata,Coleoptera,Coleoptera,1,2,1,Foto,"8,378","8,378"
Ischnocnema holti,MRCM2228,"3,5",14,"0,5",M_BVA,mata,Hemiptera,Heteroptera,1,2,1,,"8,378","8,378"
Ischnocnema holti,MRCM2228,"3,5",14,"0,5",M_BVA,mata,Blattodea,Blattodea,1,2,2,,"33,510","33,510"
Ischnocnema holti,MRCM2228,"3,5",14,"0,5",M_BVA,mata,Hymenoptera,Vespa,1,3,1,,"12,566","12,566"
Ischnocnema holti,MRCM2228,"3,5",14,"0,5",M_BVA,mata,Coleoptera,Coleoptera larva,1,5,"0,5",,"5,236","5,236"
Bokermannohyla luctuosa,MRCM2229,11,"37,75","3,5",M_BVA,mata,Arthropoda,Arthropoda,1,,,Incompleto,"0,000","0,000"
Aplastodiscus albosignatus,MRCM2238,11,41,5,E_FA,eucalipto,Insecta,Insecta,1,,,Incompleto,"0,000","0,000"
Aplastodiscus albosignatus,MRCM2238,11,41,5,E_FA,eucalipto,Hymenoptera,Formicidae,1,,,Incompleto,"0,000","0,000"
Aplastodiscus albosignatus,MRCM2238,11,41,5,E_FA,eucalipto,Coleoptera,Coleoptera,1,8,3,,"301,593","301,593"
Scinax aff. dolloi,MRCM2241,9,36,3,M_BVB,mata,Vazio,Vazio,0,,,,"0,000","0,000"
Hylodes aff. sazimai,MRCM2243,"4,5",19,"0,9",M_CB,mata,Araneae,Araneae,1,3,1,,"12,566","12,566"
Ischnocnema holti,MRCM2244,6,20,"0,9",M_CB,mata,Vazio,Vazio,0,,,,"0,000","0,000"
Ischnocnema holti,MRCM2245,"5,5",21,1,M_CB,mata,Vazio,Vazio,0,,,,"0,000","0,000"
Rhinella icterica,MRCM2246,36,103,132,M_BVA,mata,Coleoptera,Coleoptera,1,17,6,,"2563,540","2563,540"
Rhinella icterica,MRCM2246,36,103,132,M_BVA,mata,Opiliones,Opiliones,1,12,11,,"6082,123","6082,123"
Rhinella icterica,MRCM2246,36,103,132,M_BVA,mata,Larva,Larva,1,10,2,Fotografado,"167,552","167,552"
Rhinella icterica,MRCM2246,36,103,132,M_BVA,mata,Coleoptera,Coleoptera,1,3,3,,"113,097","113,097"
Rhinella icterica,MRCM2246,36,103,132,M_BVA,mata,Coleoptera,Coleoptera,1,28,10,,"11728,613","11728,613"
Rhinella icterica,MRCM2246,36,103,132,M_BVA,mata,Hymenoptera,Formicidae,6,10,2,,"1005,310","167,552"
Rhinella icterica,MRCM2246,36,103,132,M_BVA,mata,Hymenoptera,Formicidae,1,9,1,,"37,699","37,699"
Rhinella icterica,MRCM2246,36,103,132,M_BVA,mata,Hymenoptera,Formicidae,6,7,1,,"175,929","29,322"
Rhinella icterica,MRCM2246,36,103,132,M_BVA,mata,Hemiptera,Heteroptera,2,9,6,,"2714,336","1357,168"
Rhinella icterica,MRCM2246,36,103,132,M_BVA,mata,Coleoptera,Coleoptera,5,17,7,,"17446,311","3489,262"
Rhinella icterica,MRCM2246,36,103,132,M_BVA,mata,Isopoda,Isopoda,1,3,3,,"113,097","113,097"
Bokermannohyla luctuosa,MRCM2247,19,56,"17,5",M_BVA,mata,Vazio,Vazio,0,,,,"0,000","0,000"
Proceratophrys itamari,MRCM2248,"5,3",15,"0,6",M_BVA,mata,Hemiptera,Heteroptera,1,5,2,Imaturo,"83,776","83,776"
Proceratophrys itamari,MRCM2248,"5,3",15,"0,6",M_BVA,mata,Isopoda,Isopoda,1,5,3,,"188,496","188,496"
Aplastodiscus albosignatus,MRCM2249,12,40,"5,4",M_BVA,mata,Coleoptera,Coleoptera,1,11,4,,"737,227","737,227"
Boana prasina,MRCM2250,8,30,2,E_BVA,eucalipto,Orthoptera,Orthoptera,1,13,4,,"871,268","871,268"
Physalaemus olfersii,MRCM2252,3,"15,55","0,55",E_TA,eucalipto,Coleoptera,Coleoptera,1,2,1,,"8,378","8,378"
Physalaemus olfersii,MRCM2252,3,"15,55","0,55",E_TA,eucalipto,Hymenoptera,Formicidae,1,6,1,,"25,133","25,133"
Physalaemus olfersii,MRCM2252,3,"15,55","0,55",E_TA,eucalipto,Hymenoptera,Formicidae,1,5,1,,"20,944","20,944"
Ischnocnema holti,MRCM2254,"5,5","20,5","1,5",M_PB,mata,Coleoptera,Coleoptera,1,8,2,,"263,894","134,041"
Rhinella icterica,MRCM3721,"10,5",33,"3,25",M_BR,mata,Hymenoptera,Formicidae,2,9,1,,"75,398","37,699"
Rhinella icterica,MRCM3721,"10,5",33,"3,25",M_BR,mata,Hymenoptera,Formicidae,1,5,1,,"20,944","20,944"
Rhinella icterica,MRCM3721,"10,5",33,"3,25",M_BR,mata,Hymenoptera,Formicidae,11,3,"0,5",,"34,558","3,142"
Rhinella icterica,MRCM3721,"10,5",33,"3,25",M_BR,mata,Hymenoptera,Formicidae,3,8,"1,5",,"226,195","75,398"
Rhinella icterica,MRCM3721,"10,5",33,"3,25",M_BR,mata,Hymenoptera,Formicidae,1,5,1,,"20,944","20,944"
Rhinella icterica,MRCM3721,"10,5",33,"3,25",M_BR,mata,Hymenoptera,Formicidae,18,5,"0,5",,"94,248","5,236"
Rhinella icterica,MRCM3721,"10,5",33,"3,25",M_BR,mata,Lepidoptera,Lepidoptera larva,1,10,1,,"41,888","41,888"
Aplastodiscus perviridis,MRCM3720,11,35,"3,5",M_BR,mata,Vazio,Vazio,0,,,,"0,000","0,000"
Aplastodiscus perviridis,MRCM3719,12,"31,5","3,25",M_BR,mata,Vazio,Vazio,0,,,,"0,000","0,000"
Aplastodiscus perviridis,MRCM3718,12,34,3,M_BR,mata,Vazio,Vazio,0,,,,"0,000","0,000"
Boana prasina,MRCM3717,13,44,7,M_BR,mata,Não identificado,Não identificado,0,,,,"0,000","0,000"
Boana latistriata,MRCM3716,6,26,1,M_BR,mata,Hemiptera,Heteroptera,1,4,3,,"150,796","150,796"
Boana latistriata,MRCM3716,6,26,1,M_BR,mata,Orthoptera,Ensifera,1,10,3,,"376,991","376,991"
Boana latistriata,MRCM3715,6,"26,6",1,M_BR,mata,Vazio,Vazio,0,,,,"0,000","0,000"
Boana latistriata,MRCM3714,"5,5",26,1,M_BR,mata,Psocodea,Psocodea,1,3,"0,5",,"3,142","3,142"
Boana latistriata,MRCM3713,6,"22,8",1,M_BR,mata,Collembola,Collembola,1,"2,5",1,,"10,472","10,472"
Boana latistriata,MRCM3712,7,29,"1,5",M_BR,mata,Hymenoptera,Formicidae,1,5,1,,"20,944","20,944"
Boana latistriata,MRCM3711,7,21,"1,25",M_BR,mata,Vazio,Vazio,0,,,,"0,000","0,000"
Boana latistriata,MRCM3710,"6,4",23,"0,75",M_BR,mata,Araneae,Araneae,1,4,1,,"16,755","16,755"
Odontophrynus americanus,MRCM3709,16,35,,M_BR,mata,Orthoptera,Ensifera,1,30,6,,"4523,893","4523,893"
Rhinella icterica,MRCM3708,9,26,3,M_BR,mata,Coleoptera,Coleoptera larva,1,6,"0,5",,"6,283","6,283"
Rhinella icterica,MRCM3708,9,26,3,M_BR,mata,Hymenoptera,Formicidae,9,7,1,,"263,894","29,322"
Rhinella icterica,MRCM3708,9,26,3,M_BR,mata,Coleoptera,Coleoptera,1,6,2,,"100,531","100,531"
Rhinella icterica,MRCM3708,9,26,3,M_BR,mata,Hymenoptera,Formicidae,2,3,"0,5",,"6,283","3,142"
Rhinella icterica,MRCM3708,9,26,3,M_BR,mata,Hymenoptera,Formicidae,9,5,1,,"188,496","20,944"
Ololygon obtriangulata,MRCM3707,"4,5",25,"0,75",E_FD,eucalipto,Araneae,Araneae,3,"5,5",2,,"276,460","92,153"
Ololygon obtriangulata,MRCM3707,"4,5",25,"0,75",E_FD,eucalipto,Hymenoptera,Vespa,1,5,1,,"20,944","20,944"
Ischnocnema juipoca,MRCM3706,6,"20,3","1,25",E_FD,eucalipto,Diptera,Diptera larva,1,5,1,,"20,944","20,944"
Ischnocnema juipoca,MRCM3706,6,"20,3","1,25",E_FD,eucalipto,Araneae,Araneae,1,4,1,,"16,755","16,755"
Ischnocnema juipoca,MRCM3706,6,"20,3","1,25",E_FD,eucalipto,Hymenoptera,Formicidae,1,4,"0,5",,"4,189","4,189"
Ischnocnema juipoca,MRCM3706,6,"20,3","1,25",E_FD,eucalipto,Isopoda,Isopoda,1,5,3,,"188,496","188,496"
Ischnocnema juipoca,MRCM3706,6,"20,3","1,25",E_FD,eucalipto,Blattodea,Blattodea,1,7,4,,"469,145","469,145"
Ischnocnema guentheri,MRCM3705,11,35,"5,5",M_BR,mata,Hemiptera,Heteroptera,1,4,1,,"16,755","16,755"
Hylodes aff. sazimai,MRCM3704,"6,5",26,"2,25",M_BR,mata,Lepidoptera,Lepidoptera larva,1,15,4,,"1005,310","1005,310"
Hylodes aff. sazimai,MRCM3704,"6,5",26,"2,25",M_BR,mata,Coleoptera,Coleoptera,1,6,2,,"100,531","100,531"
Hylodes aff. sazimai,MRCM3703,6,22,"2,25",M_BR,mata,Araneae,Araneae,1,2,1,,"8,378","8,378"
Hylodes aff. sazimai,MRCM3703,6,22,"2,25",M_BR,mata,Arthropoda,Não identificado,1,,,,"0,000","0,000"
Dendropsophus minutus,MRCM3702,4,18,"0,75",M_BR,mata,Lepidoptera,Lepidoptera larva,1,13,2,,"217,817","217,817"
Dendropsophus minutus,MRCM3702,4,18,"0,75",M_BR,mata,Hemiptera,Heteroptera,1,3,1,,"12,566","12,566"
Dendropsophus minutus,MRCM3702,4,18,"0,75",M_BR,mata,Araneae,Araneae,1,2,2,,"33,510","33,510"
Dendropsophus minutus,MRCM3702,4,18,"0,75",M_BR,mata,Lepidoptera,Lepidoptera larva,1,6,2,,"100,531","100,531"
Boana prasina,MRCM3701,"11,5",37,5,M_BR,mata,Arthropoda,Não identificado,1,,,,"0,000","0,000"
Ischnocnema juipoca,MRCM3699,"5,5",22,1,E_TRA,eucalipto,Hymenoptera,Formicidae,1,4,1,,"16,755","16,755"
Ischnocnema juipoca,MRCM3699,"5,5",22,1,E_TRA,eucalipto,Hymenoptera,Formicidae,1,5,1,,"20,944","20,944"
Ischnocnema juipoca,MRCM3699,"5,5",22,1,E_TRA,eucalipto,Coleoptera,Coleoptera,4,3,1,,"50,265","12,566"
Ischnocnema juipoca,MRCM3699,"5,5",22,1,E_TRA,eucalipto,Chilopoda,Chilopoda,1,4,"0,5",,"4,189","4,189"
Ischnocnema juipoca,MRCM3699,"5,5",22,1,E_TRA,eucalipto,Hymenoptera,Formicidae,1,"1,5","0,5",,"1,571","1,571"
Ischnocnema juipoca,MRCM3699,"5,5",22,1,E_TRA,eucalipto,Blattodea,Blattodea,1,3,1,,"12,566","12,566"
Ischnocnema juipoca,MRCM3699,"5,5",22,1,E_TRA,eucalipto,Mollusca,Lesma,1,7,1,,"29,322","29,322"
Rhinella icterica,MRCM3700,"13,5",38,"9,25",M_BR,mata,Hymenoptera,Formicidae,4,3,"0,5",,"12,566","3,142"
Rhinella icterica,MRCM3700,"13,5",38,"9,25",M_BR,mata,Hymenoptera,Formicidae,6,4,1,,"100,531","16,755"
Rhinella icterica,MRCM3700,"13,5",38,"9,25",M_BR,mata,Collembola,Collembola,1,2,1,,"8,378","8,378"
Rhinella icterica,MRCM3700,"13,5",38,"9,25",M_BR,mata,Coleoptera,Coleoptera,1,6,2,,"100,531","100,531"
Rhinella icterica,MRCM3700,"13,5",38,"9,25",M_BR,mata,Coleoptera,Coleoptera,1,6,2,,"100,531","100,531"
Rhinella icterica,MRCM3700,"13,5",38,"9,25",M_BR,mata,Coleoptera,Coleoptera,1,8,3,,"301,593","301,593"
Rhinella icterica,MRCM3700,"13,5",38,"9,25",M_BR,mata,Hymenoptera,Formicidae,1,3,1,,"12,566","12,566"
Rhinella icterica,MRCM3700,"13,5",38,"9,25",M_BR,mata,Hymenoptera,Formicidae,3,8,1,,"100,531","33,510"
Rhinella icterica,MRCM3700,"13,5",38,"9,25",M_BR,mata,Coleoptera,Coleoptera,1,9,4,,"603,186","603,186"
Rhinella icterica,MRCM3700,"13,5",38,"9,25",M_BR,mata,Hymenoptera,Formicidae,2,15,2,,"502,655","251,327"
Ischnocnema juipoca,MRCM3698,16,19,1,E_TRA,eucalipto,Lepidoptera,Lepidoptera larva,1,6,1,,"25,133","25,133"
Ischnocnema juipoca,MRCM3698,16,19,1,E_TRA,eucalipto,Hymenoptera,Formicidae,1,3,1,,"12,566","12,566"
Ischnocnema juipoca,MRCM3698,16,19,1,E_TRA,eucalipto,Hymenoptera,Formicidae,1,3,1,,"12,566","12,566"
Ischnocnema juipoca,MRCM3698,16,19,1,E_TRA,eucalipto,Araneae,Araneae,1,2,1,,"8,378","8,378"
Ololygon obtriangulata,MRCM3697,6,21,1,M_BR,mata,Isopoda,Isopoda,1,7,3,,"263,894","263,894"
Proceratophrys boiei,MRCM3696,30,68,45,M_AC,mata,Coleoptera,Coleoptera,1,9,2,,"150,796","150,796"
Proceratophrys boiei,MRCM3696,30,68,45,M_AC,mata,Hemiptera,Heteroptera,1,16,4,,"1072,330","1072,330"
Proceratophrys boiei,MRCM3696,30,68,45,M_AC,mata,Blattodea,Blattodea,1,30,20,,"50265,482","50265,482"
Proceratophrys boiei,MRCM3696,30,68,45,M_AC,mata,Orthoptera,Ensifera,1,15,5,,"1570,796","1570,796"
Bokermannohyla luctuosa,MRCM3695,21,62,24,M_AC,mata,Orthoptera,Ensifera,1,25,5,,"2617,994","2617,994"
Ischnocnema guentheri,MRCM3694,4,18,1,M_AC,mata,Isopoda,Isopoda,1,5,2,,"83,776","83,776"
Ischnocnema guentheri,MRCM3694,4,18,1,M_AC,mata,Isopoda,Isopoda,1,7,3,,"263,894","263,894"
Scinax aff. dolloi,MRCM3693,5,"23,35",1,M_AC,mata,Araneae,Araneae,1,9,4,,"603,186","603,186"
Boana prasina,MRCM3692,13,"39,5",6,M_AC,mata,Hymenoptera,Formicidae,1,7,3,,"263,894","263,894"
Boana prasina,MRCM3692,13,"39,5",6,M_AC,mata,Hymenoptera,Formicidae,1,5,1,,"20,944","20,944"
Boana prasina,MRCM3691,10,37,"6,5",M_AC,mata,Coleoptera,Coleoptera,1,8,2,,"134,041","134,041"
Boana prasina,MRCM3691,10,37,"6,5",M_AC,mata,Dermaptera,Dermaptera,1,12,2,,"201,062","201,062"
Boana prasina,MRCM3691,10,37,"6,5",M_AC,mata,Dermaptera,Dermaptera,1,15,3,,"565,487","565,487"
Boana prasina,MRCM3691,10,37,"6,5",M_AC,mata,Dermaptera,Dermaptera,1,13,2,,"217,817","217,817"
Bokermannohyla luctuosa,MRCM3690,19,50,8,M_AC,mata,Orthoptera,Não identificado,0,,,,"0,000","0,000"
Boana prasina,MRCM3689,10,"17,6",5,M_AC,mata,Blattodea,Blattodea,1,10,4,,"670,206","670,206"
Boana prasina,MRCM3689,10,"17,6",5,M_AC,mata,Hymenoptera,Formicidae,1,4,1,,"16,755","16,755"
Boana prasina,MRCM3689,10,"17,6",5,M_AC,mata,Coleoptera,Coleoptera,1,5,2,,"83,776","83,776"
Chiasmocleis mantiqueira,MRCM3688,"2,5",14,"0,75",M_AC,mata,Hymenoptera,Formicidae,8,3,1,,"100,531","12,566"
Dendropsophus microps,MRCM3687,8,24,"0,75",M_BVC,mata,Araneae,Araneae,1,4,2,,"67,021","67,021"
Dendropsophus microps,MRCM3687,8,24,"0,75",M_BVC,mata,Larva,Não identificado,0,,,,"0,000","0,000"
Bokermannohyla luctuosa,MRCM3686,19,"53,5","9,5",M_BVD,mata,Araneae,Araneae,1,6,2,,"100,531","100,531"
Bokermannohyla luctuosa,MRCM3686,19,"53,5","9,5",M_BVD,mata,Opiliones,Opiliones,1,6,3,,"226,195","226,195"
Scinax aff. dolloi,MRCM3685,14,40,"3,5",M_BVC,mata,Vazio,Vazio,0,,,,"0,000","0,000"
Ischnocnema juipoca,MRCM3684,6,19,1,E_FD,eucalipto,Blattodea,Blattodea,1,9,4,,"603,186","603,186"
Ischnocnema guentheri,MRCM3683,18,28,"2,5",M_BVC,mata,Arthropoda,Não identificado,0,,,,"0,000","0,000"
Proceratophrys boiei,MRCM3682,"19,5",42,"14,25",M_BVC,mata,Não identificado,Não identificado,0,,,,"0,000","0,000"
Proceratophrys boiei,MRCM3681,19,"30,6","4,25",M_BVC,mata,Blattodea,Blattodea,1,7,2,,"117,286","117,286"
Proceratophrys boiei,MRCM3681,19,"30,6","4,25",M_BVC,mata,Coleoptera,Coleoptera larva,1,5,1,,"20,944","20,944"
Proceratophrys boiei,MRCM3680,13,31,"4,25",M_BVC,mata,Coleoptera,Coleoptera,1,8,4,,"536,165","536,165"
Dendropsophus microps,MRCM3679,"4,65","19,5","0,75",M_BVC,mata,Vazio,Vazio,0,,,,"0,000","0,000"
Ololygon obtriangulata,MRCM3678,5,20,"0,5",M_BVC,mata,Araneae,Araneae,1,2,1,,"8,378","8,378"
Bokermannohyla luctuosa,MRCM3677,19,54,12,M_BVC,mata,Coleoptera,Coleoptera,1,2,"0,5",,"2,094","2,094"
Bokermannohyla luctuosa,MRCM3677,19,54,12,M_BVC,mata,Collembola,Collembola,1,"1,5","0,5",,"1,571","1,571"
Chiasmocleis mantiqueira,MRCM3676,"5,5","19,5","1,25",E_FD,eucalipto,Coleoptera,Coleoptera,1,2,1,,"8,378","8,378"
Chiasmocleis mantiqueira,MRCM3676,"5,5","19,5","1,25",E_FD,eucalipto,Hymenoptera,Formicidae,6,2,"0,5",,"12,566","2,094"
Physalaemus cuvieri,MRCM3675,"8,5",25,"1,5",E_FD,eucalipto,Coleoptera,Coleoptera,3,4,1,,"50,265","16,755"
Physalaemus cuvieri,MRCM3675,"8,5",25,"1,5",E_FD,eucalipto,Isopoda,Isopoda,1,5,2,,"83,776","83,776"
Physalaemus cuvieri,MRCM3675,"8,5",25,"1,5",E_FD,eucalipto,Hymenoptera,Formicidae,3,7,1,,"87,965","29,322"
Physalaemus cuvieri,MRCM3675,"8,5",25,"1,5",E_FD,eucalipto,Coleoptera,Coleoptera,1,6,3,,"226,195","226,195"
Physalaemus cuvieri,MRCM3675,"8,5",25,"1,5",E_FD,eucalipto,Araneae,Araneae,1,1,1,,"4,189","4,189"
Physalaemus cuvieri,MRCM3675,"8,5",25,"1,5",E_FD,eucalipto,Diptera,Mosquito,1,3,"0,5",,"3,142","3,142"
Physalaemus olfersii,MRCM3674,7,21,"1,25",E_FD,eucalipto,Hymenoptera,Formicidae,1,4,1,,"16,755","16,755"
Physalaemus olfersii,MRCM3674,7,21,"1,25",E_FD,eucalipto,Hymenoptera,Formicidae,1,5,1,,"20,944","20,944"
Physalaemus olfersii,MRCM3674,7,21,"1,25",E_FD,eucalipto,Hymenoptera,Formicidae,4,3,"0,5",,"12,566","3,142"
Physalaemus olfersii,MRCM3674,7,21,"1,25",E_FD,eucalipto,Hymenoptera,Formicidae,1,3,1,,"12,566","12,566"
Physalaemus olfersii,MRCM3674,7,21,"1,25",E_FD,eucalipto,Hymenoptera,Formicidae,1,4,1,,"16,755","16,755"
Scinax aff. dolloi,MRCM3673,6,26,1,E_FC,eucalipto,Vazio,Vazio,0,,,,"0,000","0,000"
Proceratophrys boiei,MRCM3672,"10,5","35,5",4,E_FD,eucalipto,Araneae,Araneae,1,7,3,,"263,894","263,894"